BookingID,PassengerName,FlightDate,DepartureCity,ArrivalCity,TicketPrice,SeatClass,FrequentFlyer,BookingAdvanceDays,CheckedIn,NoShow
BKG1000,Passenger_0,2025-06-01,CHI,BOS,569.45,Economy,0,8,1,0
BKG1001,Passenger_1,2025-06-02,ATL,SEA,404.31,Economy,1,43,1,0
BKG1002,Passenger_2,2025-06-03,MIA,PHX,463.49,Economy,1,20,1,1
BKG1003,Passenger_3,2025-06-04,ATL,DEN,565.12,Business,1,33,1,1
BKG1004,Passenger_4,2025-06-05,ATL,DEN,468.26,Economy,0,26,1,1
BKG1005,Passenger_5,2025-06-06,LAX,SEA,218.64,First,0,39,1,0
BKG1006,Passenger_6,2025-06-07,MIA,BOS,409.33,Economy,1,21,1,0
BKG1007,Passenger_7,2025-06-08,MIA,BOS,423.02,Economy,1,53,1,0
BKG1008,Passenger_8,2025-06-09,MIA,PHX,340.86,Business,1,49,1,0
BKG1009,Passenger_9,2025-06-10,ATL,SEA,481.4,Business,0,42,1,1
BKG1010,Passenger_10,2025-06-11,CHI,DEN,570.47,Business,0,43,0,0
BKG1011,Passenger_11,2025-06-12,MIA,BOS,566.51,Business,1,54,1,0
BKG1012,Passenger_12,2025-06-13,ATL,SEA,352.88,Economy,1,41,1,0
BKG1013,Passenger_13,2025-06-14,LAX,BOS,200.96,Business,1,9,1,1
BKG1014,Passenger_14,2025-06-15,CHI,BOS,593.18,Economy,0,24,1,0
BKG1015,Passenger_15,2025-06-16,LAX,DEN,527.5,Business,0,37,1,0
BKG1016,Passenger_16,2025-06-17,CHI,DFW,206.1,Economy,1,49,1,0
BKG1017,Passenger_17,2025-06-18,ATL,PHX,564.38,Business,1,41,1,0
BKG1018,Passenger_18,2025-06-19,NYC,PHX,541.45,Economy,1,17,1,0
BKG1019,Passenger_19,2025-06-20,CHI,DEN,383.48,Economy,0,24,1,0
BKG1020,Passenger_20,2025-06-21,LAX,BOS,416.07,Economy,1,21,1,0
BKG1021,Passenger_21,2025-06-22,ATL,SEA,329.55,Business,0,51,1,0
BKG1022,Passenger_22,2025-06-23,CHI,BOS,174.64,Economy,0,59,0,0
BKG1023,Passenger_23,2025-06-24,NYC,DEN,300.84,Economy,1,39,1,0
BKG1024,Passenger_24,2025-06-25,NYC,PHX,511.28,Economy,1,55,1,0
BKG1025,Passenger_25,2025-06-26,MIA,BOS,152.08,Economy,1,41,1,0
BKG1026,Passenger_26,2025-06-27,MIA,PHX,300.07,Business,0,39,0,0
BKG1027,Passenger_27,2025-06-28,LAX,SEA,329.18,Economy,0,13,1,0
BKG1028,Passenger_28,2025-06-29,CHI,PHX,391.83,First,0,11,1,0
BKG1029,Passenger_29,2025-06-30,CHI,PHX,563.94,Economy,0,46,1,1
BKG1030,Passenger_30,2025-07-01,MIA,DFW,305.86,Economy,1,19,1,0
BKG1031,Passenger_31,2025-07-02,CHI,DFW,306.13,Business,0,11,1,0
BKG1032,Passenger_32,2025-07-03,CHI,DFW,481.88,Economy,0,13,1,0
BKG1033,Passenger_33,2025-07-04,NYC,PHX,353.5,Economy,1,46,1,0
BKG1034,Passenger_34,2025-07-05,MIA,DEN,251.07,Economy,0,45,1,0
BKG1035,Passenger_35,2025-07-06,ATL,PHX,353.6,Business,0,1,1,0
BKG1036,Passenger_36,2025-07-07,MIA,DEN,213.39,Economy,0,40,0,0
BKG1037,Passenger_37,2025-07-08,ATL,DEN,229.37,First,0,44,1,0
BKG1038,Passenger_38,2025-07-09,NYC,DFW,374.27,First,0,19,1,0
BKG1039,Passenger_39,2025-07-10,LAX,BOS,338.52,Economy,0,12,1,0
BKG1040,Passenger_40,2025-07-11,CHI,SEA,561.68,Economy,1,8,0,0
BKG1041,Passenger_41,2025-07-12,NYC,DFW,313.08,Economy,1,8,1,0
BKG1042,Passenger_42,2025-07-13,CHI,DFW,411.26,Economy,0,53,0,0
BKG1043,Passenger_43,2025-07-14,LAX,BOS,434.52,Economy,1,45,1,1
BKG1044,Passenger_44,2025-07-15,LAX,SEA,155.89,Economy,1,12,1,0
BKG1045,Passenger_45,2025-07-16,NYC,PHX,448.59,Economy,0,48,1,1
BKG1046,Passenger_46,2025-07-17,LAX,PHX,230.12,Business,0,33,0,0
BKG1047,Passenger_47,2025-07-18,ATL,DFW,582.48,Business,0,45,1,1
BKG1048,Passenger_48,2025-07-19,LAX,SEA,216.9,Business,0,26,0,1
BKG1049,Passenger_49,2025-07-20,CHI,DFW,336.58,Economy,1,39,0,0
BKG1050,Passenger_50,2025-07-21,CHI,DEN,188.41,Economy,1,28,1,0
BKG1051,Passenger_51,2025-07-22,CHI,DFW,598.59,Economy,1,58,1,0
BKG1052,Passenger_52,2025-07-23,CHI,DFW,375.99,First,0,5,0,0
BKG1053,Passenger_53,2025-07-24,ATL,PHX,417.92,Economy,0,8,1,0
BKG1054,Passenger_54,2025-07-25,MIA,PHX,180.18,Business,1,25,1,0
BKG1055,Passenger_55,2025-07-26,NYC,PHX,487.48,Economy,0,27,1,0
BKG1056,Passenger_56,2025-07-27,CHI,DEN,244.46,Economy,0,46,1,0
BKG1057,Passenger_57,2025-07-28,LAX,PHX,554.12,Business,0,23,0,0
BKG1058,Passenger_58,2025-07-29,CHI,SEA,242.31,Economy,0,30,1,0
BKG1059,Passenger_59,2025-07-30,LAX,BOS,235.81,Business,1,45,1,0
BKG1060,Passenger_60,2025-07-31,LAX,SEA,166.45,First,0,47,1,0
BKG1061,Passenger_61,2025-08-01,CHI,SEA,362.43,Economy,0,23,1,0
BKG1062,Passenger_62,2025-08-02,ATL,PHX,404.18,Economy,0,49,0,0
BKG1063,Passenger_63,2025-08-03,LAX,BOS,179.57,Economy,0,47,1,0
BKG1064,Passenger_64,2025-08-04,LAX,BOS,498.99,First,0,20,1,0
BKG1065,Passenger_65,2025-08-05,CHI,BOS,353.98,Economy,0,18,1,0
BKG1066,Passenger_66,2025-08-06,LAX,DEN,385.98,Economy,1,18,1,0
BKG1067,Passenger_67,2025-08-07,LAX,PHX,348.34,Economy,0,2,0,0
BKG1068,Passenger_68,2025-08-08,CHI,BOS,330.34,Business,0,4,1,0
BKG1069,Passenger_69,2025-08-09,CHI,DEN,401.84,Economy,0,30,1,0
BKG1070,Passenger_70,2025-08-10,NYC,DFW,219.86,Business,1,33,1,0
BKG1071,Passenger_71,2025-08-11,ATL,DFW,231.87,First,1,36,0,0
BKG1072,Passenger_72,2025-08-12,ATL,DEN,537.8,Economy,1,18,1,0
BKG1073,Passenger_73,2025-08-13,LAX,DEN,575.75,Economy,0,37,1,0
BKG1074,Passenger_74,2025-08-14,ATL,PHX,317.99,First,0,19,1,0
BKG1075,Passenger_75,2025-08-15,LAX,PHX,271.84,Economy,1,47,0,1
BKG1076,Passenger_76,2025-08-16,NYC,DFW,439.8,Business,0,28,1,0
BKG1077,Passenger_77,2025-08-17,CHI,BOS,333.93,Economy,0,40,1,0
BKG1078,Passenger_78,2025-08-18,CHI,DFW,161.42,Economy,0,20,1,0
BKG1079,Passenger_79,2025-08-19,CHI,BOS,220.27,Business,0,49,1,0
BKG1080,Passenger_80,2025-08-20,ATL,BOS,472.19,Economy,0,33,1,0
BKG1081,Passenger_81,2025-08-21,NYC,PHX,446.52,Economy,0,12,0,0
BKG1082,Passenger_82,2025-08-22,ATL,SEA,162.19,Economy,1,58,1,0
BKG1083,Passenger_83,2025-08-23,ATL,SEA,249.89,Economy,0,51,1,1
BKG1084,Passenger_84,2025-08-24,NYC,DEN,253.98,Economy,0,15,1,0
BKG1085,Passenger_85,2025-08-25,NYC,PHX,452.35,Economy,0,41,1,0
BKG1086,Passenger_86,2025-08-26,NYC,BOS,158.87,First,0,39,1,0
BKG1087,Passenger_87,2025-08-27,NYC,SEA,196.85,Economy,0,2,0,0
BKG1088,Passenger_88,2025-08-28,CHI,BOS,509.96,Economy,1,29,1,0
BKG1089,Passenger_89,2025-08-29,MIA,SEA,230.35,Economy,0,41,1,0
BKG1090,Passenger_90,2025-08-30,MIA,SEA,443.74,Business,1,10,1,0
BKG1091,Passenger_91,2025-08-31,NYC,SEA,257.18,Economy,1,2,1,0
BKG1092,Passenger_92,2025-09-01,MIA,PHX,194.75,First,0,51,1,0
BKG1093,Passenger_93,2025-09-02,MIA,DFW,259.43,Economy,0,11,1,1
BKG1094,Passenger_94,2025-09-03,NYC,BOS,475.02,Economy,1,13,0,0
BKG1095,Passenger_95,2025-09-04,MIA,PHX,535.06,Economy,0,10,1,0
BKG1096,Passenger_96,2025-09-05,ATL,PHX,523.6,Economy,0,14,1,0
BKG1097,Passenger_97,2025-09-06,LAX,PHX,328.73,Economy,1,18,0,1
BKG1098,Passenger_98,2025-09-07,LAX,PHX,450.64,Economy,0,51,1,0
BKG1099,Passenger_99,2025-09-08,NYC,PHX,242.24,Business,0,54,1,0
BKG1100,Passenger_100,2025-09-09,CHI,DEN,281.92,Economy,0,9,1,1
BKG1101,Passenger_101,2025-09-10,NYC,BOS,553.35,Economy,1,57,1,0
BKG1102,Passenger_102,2025-09-11,CHI,PHX,155.85,Economy,1,39,1,0
BKG1103,Passenger_103,2025-09-12,LAX,BOS,188.48,Business,0,28,1,0
BKG1104,Passenger_104,2025-09-13,NYC,DEN,243.55,Economy,0,3,1,0
BKG1105,Passenger_105,2025-09-14,ATL,DEN,161.94,Economy,1,20,1,0
BKG1106,Passenger_106,2025-09-15,MIA,BOS,231.65,Economy,0,6,1,0
BKG1107,Passenger_107,2025-09-16,CHI,SEA,412.37,Business,1,27,1,0
BKG1108,Passenger_108,2025-09-17,MIA,DFW,339.64,Economy,0,53,1,0
BKG1109,Passenger_109,2025-09-18,MIA,SEA,551.7,Economy,1,2,1,1
BKG1110,Passenger_110,2025-09-19,NYC,SEA,517.85,Business,0,29,1,0
BKG1111,Passenger_111,2025-09-20,MIA,SEA,303.82,Business,1,38,0,0
BKG1112,Passenger_112,2025-09-21,ATL,PHX,266.74,Economy,1,3,1,0
BKG1113,Passenger_113,2025-09-22,MIA,DEN,320.86,Business,1,16,1,0
BKG1114,Passenger_114,2025-09-23,NYC,SEA,415.63,Economy,1,30,0,0
BKG1115,Passenger_115,2025-09-24,ATL,DEN,270.63,Economy,0,40,1,1
BKG1116,Passenger_116,2025-09-25,LAX,BOS,430.87,Economy,0,2,1,0
BKG1117,Passenger_117,2025-09-26,MIA,DFW,334.24,Economy,1,17,1,0
BKG1118,Passenger_118,2025-09-27,NYC,BOS,398.42,Economy,0,41,0,0
BKG1119,Passenger_119,2025-09-28,LAX,BOS,346.26,First,0,12,1,0
BKG1120,Passenger_120,2025-09-29,LAX,PHX,282.51,Economy,0,35,1,0
BKG1121,Passenger_121,2025-09-30,CHI,DFW,576.8,Economy,0,43,0,0
BKG1122,Passenger_122,2025-10-01,ATL,BOS,493.62,Economy,1,1,1,0
BKG1123,Passenger_123,2025-10-02,MIA,BOS,213.05,First,0,55,1,0
BKG1124,Passenger_124,2025-10-03,NYC,DFW,540.81,Economy,0,45,1,0
BKG1125,Passenger_125,2025-10-04,CHI,DFW,369.34,Economy,1,15,1,0
BKG1126,Passenger_126,2025-10-05,ATL,BOS,552.55,Economy,0,26,1,0
BKG1127,Passenger_127,2025-10-06,CHI,DFW,509.93,Economy,1,37,1,1
BKG1128,Passenger_128,2025-10-07,ATL,BOS,341.35,First,0,21,1,0
BKG1129,Passenger_129,2025-10-08,ATL,BOS,160.11,First,1,49,0,0
BKG1130,Passenger_130,2025-10-09,MIA,PHX,270.9,Economy,0,31,1,0
BKG1131,Passenger_131,2025-10-10,ATL,SEA,393.74,First,0,25,1,0
BKG1132,Passenger_132,2025-10-11,CHI,BOS,435.07,Economy,0,23,1,0
BKG1133,Passenger_133,2025-10-12,ATL,DEN,266.05,Business,1,24,1,0
BKG1134,Passenger_134,2025-10-13,MIA,SEA,212.71,Economy,0,57,1,0
BKG1135,Passenger_135,2025-10-14,MIA,SEA,525.72,Economy,0,38,1,0
BKG1136,Passenger_136,2025-10-15,CHI,SEA,592.98,Economy,0,28,1,1
BKG1137,Passenger_137,2025-10-16,LAX,PHX,386.56,Economy,0,21,1,0
BKG1138,Passenger_138,2025-10-17,LAX,BOS,227.26,Economy,0,54,1,0
BKG1139,Passenger_139,2025-10-18,ATL,PHX,272.54,Economy,0,43,1,0
BKG1140,Passenger_140,2025-10-19,NYC,BOS,158.28,Economy,1,18,1,0
BKG1141,Passenger_141,2025-10-20,ATL,PHX,561.43,Business,0,36,1,0
BKG1142,Passenger_142,2025-10-21,CHI,PHX,202.99,Economy,0,35,1,0
BKG1143,Passenger_143,2025-10-22,CHI,DEN,409.43,Economy,1,45,1,0
BKG1144,Passenger_144,2025-10-23,CHI,PHX,273.32,First,1,55,1,0
BKG1145,Passenger_145,2025-10-24,CHI,DFW,399.38,Economy,1,9,0,0
BKG1146,Passenger_146,2025-10-25,CHI,DEN,443.14,Economy,0,53,1,0
BKG1147,Passenger_147,2025-10-26,MIA,PHX,523.38,Economy,0,38,1,0
BKG1148,Passenger_148,2025-10-27,LAX,SEA,242.89,Business,0,58,1,0
BKG1149,Passenger_149,2025-10-28,CHI,DFW,154.95,Economy,0,30,1,0
BKG1150,Passenger_150,2025-10-29,NYC,DFW,211.6,Economy,0,44,1,0
BKG1151,Passenger_151,2025-10-30,NYC,DFW,555.01,Business,1,34,1,0
BKG1152,Passenger_152,2025-10-31,NYC,DEN,543.25,First,1,32,1,0
BKG1153,Passenger_153,2025-11-01,NYC,PHX,418.84,Economy,0,3,0,0
BKG1154,Passenger_154,2025-11-02,MIA,PHX,420.23,Economy,1,3,1,1
BKG1155,Passenger_155,2025-11-03,NYC,SEA,449.27,Economy,1,28,0,0
BKG1156,Passenger_156,2025-11-04,CHI,SEA,228.92,Business,0,44,1,0
BKG1157,Passenger_157,2025-11-05,ATL,DFW,561.49,Economy,0,15,1,1
BKG1158,Passenger_158,2025-11-06,NYC,SEA,338.45,Economy,0,41,1,0
BKG1159,Passenger_159,2025-11-07,MIA,DEN,322.41,First,0,23,1,0
BKG1160,Passenger_160,2025-11-08,MIA,PHX,383.51,Economy,0,40,1,1
BKG1161,Passenger_161,2025-11-09,NYC,DFW,171.13,Economy,0,11,0,0
BKG1162,Passenger_162,2025-11-10,ATL,SEA,224.83,Economy,0,48,1,0
BKG1163,Passenger_163,2025-11-11,NYC,DEN,482.12,Economy,0,32,1,0
BKG1164,Passenger_164,2025-11-12,MIA,DEN,187.26,Economy,1,58,1,0
BKG1165,Passenger_165,2025-11-13,LAX,SEA,421.42,Economy,0,59,1,0
BKG1166,Passenger_166,2025-11-14,CHI,PHX,260.41,Economy,0,57,1,0
BKG1167,Passenger_167,2025-11-15,MIA,SEA,325.18,Economy,1,54,1,0
BKG1168,Passenger_168,2025-11-16,NYC,DFW,279.91,First,0,36,1,0
BKG1169,Passenger_169,2025-11-17,CHI,SEA,310.05,Economy,0,33,1,0
BKG1170,Passenger_170,2025-11-18,NYC,DEN,473.57,First,1,24,1,0
BKG1171,Passenger_171,2025-11-19,NYC,SEA,283.7,Economy,1,39,0,0
BKG1172,Passenger_172,2025-11-20,LAX,PHX,404.88,Business,1,34,1,0
BKG1173,Passenger_173,2025-11-21,CHI,BOS,364.22,Business,1,56,1,0
BKG1174,Passenger_174,2025-11-22,CHI,SEA,448.65,Economy,1,28,1,0
BKG1175,Passenger_175,2025-11-23,LAX,PHX,571.57,Business,0,37,0,0
BKG1176,Passenger_176,2025-11-24,MIA,PHX,479.66,Business,1,7,1,0
BKG1177,Passenger_177,2025-11-25,NYC,DEN,246.72,Economy,0,4,0,1
BKG1178,Passenger_178,2025-11-26,ATL,PHX,164.03,Economy,1,37,1,0
BKG1179,Passenger_179,2025-11-27,NYC,PHX,268.02,Economy,0,56,1,0
BKG1180,Passenger_180,2025-11-28,NYC,PHX,417.79,Business,1,1,1,0
BKG1181,Passenger_181,2025-11-29,MIA,PHX,173.14,Business,0,1,0,0
BKG1182,Passenger_182,2025-11-30,NYC,DFW,373.36,Business,0,47,1,0
BKG1183,Passenger_183,2025-12-01,LAX,DFW,418.58,Economy,0,20,1,0
BKG1184,Passenger_184,2025-12-02,LAX,DEN,300.41,Business,1,19,1,0
BKG1185,Passenger_185,2025-12-03,CHI,SEA,496.91,Economy,0,29,1,1
BKG1186,Passenger_186,2025-12-04,ATL,PHX,197.97,Economy,0,10,1,0
BKG1187,Passenger_187,2025-12-05,NYC,SEA,183.81,Economy,0,18,1,0
BKG1188,Passenger_188,2025-12-06,NYC,SEA,477.68,Economy,1,28,0,0
BKG1189,Passenger_189,2025-12-07,MIA,DEN,372.97,Economy,1,35,1,0
BKG1190,Passenger_190,2025-12-08,LAX,PHX,459.78,Economy,0,43,1,0
BKG1191,Passenger_191,2025-12-09,ATL,PHX,345.67,Economy,0,47,1,0
BKG1192,Passenger_192,2025-12-10,CHI,BOS,260.88,Economy,0,31,1,0
BKG1193,Passenger_193,2025-12-11,LAX,SEA,518.6,Economy,0,27,1,0
BKG1194,Passenger_194,2025-12-12,CHI,SEA,509.74,Economy,0,11,1,0
BKG1195,Passenger_195,2025-12-13,MIA,DFW,462.61,Economy,1,49,1,0
BKG1196,Passenger_196,2025-12-14,MIA,BOS,272.47,Economy,0,49,0,0
BKG1197,Passenger_197,2025-12-15,NYC,DFW,415.6,Economy,1,38,0,0
BKG1198,Passenger_198,2025-12-16,ATL,DFW,312.44,Economy,0,5,1,0
BKG1199,Passenger_199,2025-12-17,CHI,DFW,191.21,Economy,0,8,0,0
BKG1200,Passenger_200,2025-12-18,LAX,DEN,562.79,Economy,0,34,1,0
BKG1201,Passenger_201,2025-12-19,MIA,DEN,211.57,Economy,1,48,1,0
BKG1202,Passenger_202,2025-12-20,NYC,DFW,577.61,Economy,1,52,1,0
BKG1203,Passenger_203,2025-12-21,NYC,BOS,350.7,Business,1,56,1,0
BKG1204,Passenger_204,2025-12-22,CHI,SEA,233.31,Economy,1,12,1,0
BKG1205,Passenger_205,2025-12-23,MIA,BOS,393.86,Economy,1,38,0,1
BKG1206,Passenger_206,2025-12-24,ATL,PHX,542.83,Economy,0,1,1,0
BKG1207,Passenger_207,2025-12-25,MIA,DEN,479.5,Economy,1,31,0,0
BKG1208,Passenger_208,2025-12-26,CHI,SEA,512.95,Economy,1,4,1,0
BKG1209,Passenger_209,2025-12-27,CHI,SEA,446.45,Economy,0,49,1,0
BKG1210,Passenger_210,2025-12-28,MIA,PHX,461.52,Economy,0,45,0,0
BKG1211,Passenger_211,2025-12-29,CHI,PHX,532.14,Economy,0,50,1,0
BKG1212,Passenger_212,2025-12-30,MIA,DFW,262.35,Economy,1,5,1,1
BKG1213,Passenger_213,2025-12-31,LAX,DEN,370.24,Business,0,30,1,0
BKG1214,Passenger_214,2026-01-01,MIA,DEN,249.54,Business,1,56,1,0
BKG1215,Passenger_215,2026-01-02,MIA,BOS,594.45,Business,1,24,1,1
BKG1216,Passenger_216,2026-01-03,CHI,DFW,574.83,First,0,59,1,0
BKG1217,Passenger_217,2026-01-04,CHI,DFW,167.74,Economy,1,3,1,0
BKG1218,Passenger_218,2026-01-05,NYC,DFW,467.51,Economy,0,11,0,1
BKG1219,Passenger_219,2026-01-06,NYC,DFW,566.36,Economy,0,45,1,0
BKG1220,Passenger_220,2026-01-07,LAX,DEN,231.26,Economy,1,4,1,1
BKG1221,Passenger_221,2026-01-08,NYC,DEN,405.58,Business,0,26,1,0
BKG1222,Passenger_222,2026-01-09,MIA,DFW,561.97,Economy,1,27,0,0
BKG1223,Passenger_223,2026-01-10,CHI,BOS,165.28,First,0,46,1,0
BKG1224,Passenger_224,2026-01-11,NYC,SEA,463.84,Economy,0,54,1,0
BKG1225,Passenger_225,2026-01-12,NYC,SEA,283.81,First,0,43,1,0
BKG1226,Passenger_226,2026-01-13,LAX,BOS,565.98,Economy,0,27,1,0
BKG1227,Passenger_227,2026-01-14,LAX,DFW,586.98,Economy,1,42,1,0
BKG1228,Passenger_228,2026-01-15,MIA,DEN,574.92,Economy,0,51,1,0
BKG1229,Passenger_229,2026-01-16,CHI,SEA,363.4,Economy,1,50,1,0
BKG1230,Passenger_230,2026-01-17,LAX,PHX,537.92,Economy,0,6,1,1
BKG1231,Passenger_231,2026-01-18,NYC,PHX,530.05,Economy,0,59,1,0
BKG1232,Passenger_232,2026-01-19,CHI,BOS,293.6,Business,1,15,0,1
BKG1233,Passenger_233,2026-01-20,CHI,DFW,523.01,Economy,0,53,0,0
BKG1234,Passenger_234,2026-01-21,NYC,SEA,166.65,Economy,1,30,1,0
BKG1235,Passenger_235,2026-01-22,LAX,DFW,418.32,Economy,0,42,0,0
BKG1236,Passenger_236,2026-01-23,NYC,SEA,253.5,Business,0,37,1,0
BKG1237,Passenger_237,2026-01-24,CHI,BOS,204.26,Economy,0,58,1,0
BKG1238,Passenger_238,2026-01-25,ATL,BOS,184.63,Economy,0,37,1,1
BKG1239,Passenger_239,2026-01-26,ATL,PHX,463.33,Economy,1,42,1,0
BKG1240,Passenger_240,2026-01-27,MIA,DFW,302.94,Economy,1,37,1,0
BKG1241,Passenger_241,2026-01-28,NYC,PHX,476.15,Economy,1,35,0,0
BKG1242,Passenger_242,2026-01-29,NYC,DFW,179.41,Economy,1,23,1,0
BKG1243,Passenger_243,2026-01-30,MIA,PHX,291.88,Economy,1,6,0,0
BKG1244,Passenger_244,2026-01-31,MIA,DEN,392.77,Business,0,4,1,0
BKG1245,Passenger_245,2026-02-01,MIA,DEN,505.83,Economy,0,18,1,0
BKG1246,Passenger_246,2026-02-02,CHI,DEN,293.44,Economy,0,9,1,1
BKG1247,Passenger_247,2026-02-03,NYC,DEN,431.65,Economy,1,49,1,1
BKG1248,Passenger_248,2026-02-04,CHI,SEA,548.69,First,0,29,1,1
BKG1249,Passenger_249,2026-02-05,MIA,DEN,427.14,Economy,0,13,1,0
BKG1250,Passenger_250,2026-02-06,NYC,BOS,254.83,Business,1,59,1,0
BKG1251,Passenger_251,2026-02-07,CHI,BOS,160.98,Economy,0,47,1,0
BKG1252,Passenger_252,2026-02-08,CHI,SEA,541.54,Economy,0,52,1,0
BKG1253,Passenger_253,2026-02-09,MIA,DEN,159.57,Economy,1,17,1,0
BKG1254,Passenger_254,2026-02-10,NYC,DEN,543.62,First,0,45,1,0
BKG1255,Passenger_255,2026-02-11,MIA,DEN,388.02,Economy,0,32,1,0
BKG1256,Passenger_256,2026-02-12,NYC,PHX,572.58,Business,1,48,1,1
BKG1257,Passenger_257,2026-02-13,ATL,DFW,509.45,Business,0,22,1,0
BKG1258,Passenger_258,2026-02-14,LAX,PHX,599.07,Economy,0,4,0,0
BKG1259,Passenger_259,2026-02-15,LAX,DFW,307.82,Economy,0,5,1,0
BKG1260,Passenger_260,2026-02-16,LAX,DEN,495.23,Economy,0,37,0,0
BKG1261,Passenger_261,2026-02-17,MIA,DEN,330.87,Economy,0,41,1,0
BKG1262,Passenger_262,2026-02-18,ATL,PHX,365.94,Business,0,49,0,0
BKG1263,Passenger_263,2026-02-19,NYC,PHX,432.38,First,0,13,0,1
BKG1264,Passenger_264,2026-02-20,CHI,DFW,543.15,Economy,1,34,1,0
BKG1265,Passenger_265,2026-02-21,NYC,BOS,592.84,Economy,0,45,1,0
BKG1266,Passenger_266,2026-02-22,CHI,DFW,495.72,Business,0,22,1,0
BKG1267,Passenger_267,2026-02-23,NYC,PHX,338.0,Economy,0,53,1,0
BKG1268,Passenger_268,2026-02-24,ATL,PHX,339.61,Business,1,59,1,0
BKG1269,Passenger_269,2026-02-25,CHI,SEA,481.91,Economy,0,23,1,0
BKG1270,Passenger_270,2026-02-26,MIA,PHX,257.45,Economy,1,51,1,0
BKG1271,Passenger_271,2026-02-27,NYC,SEA,199.71,Economy,1,3,1,0
BKG1272,Passenger_272,2026-02-28,NYC,BOS,309.58,Economy,1,42,1,0
BKG1273,Passenger_273,2026-03-01,CHI,DFW,279.26,Economy,1,34,1,0
BKG1274,Passenger_274,2026-03-02,MIA,DFW,283.34,Economy,0,32,0,0
BKG1275,Passenger_275,2026-03-03,MIA,SEA,255.12,Economy,0,45,1,0
BKG1276,Passenger_276,2026-03-04,ATL,DFW,168.94,Business,1,51,1,1
BKG1277,Passenger_277,2026-03-05,MIA,PHX,158.04,Business,0,58,1,0
BKG1278,Passenger_278,2026-03-06,MIA,DEN,594.48,Economy,0,49,1,0
BKG1279,Passenger_279,2026-03-07,MIA,SEA,342.5,Economy,0,21,0,0
BKG1280,Passenger_280,2026-03-08,LAX,DFW,322.95,Economy,1,46,0,0
BKG1281,Passenger_281,2026-03-09,ATL,SEA,455.84,Economy,0,44,0,0
BKG1282,Passenger_282,2026-03-10,NYC,SEA,248.21,Economy,0,21,1,0
BKG1283,Passenger_283,2026-03-11,CHI,DEN,577.48,Economy,0,44,1,0
BKG1284,Passenger_284,2026-03-12,NYC,PHX,503.86,Economy,1,11,1,1
BKG1285,Passenger_285,2026-03-13,ATL,SEA,190.23,Economy,1,39,1,0
BKG1286,Passenger_286,2026-03-14,CHI,DFW,337.91,Economy,0,4,0,0
BKG1287,Passenger_287,2026-03-15,ATL,BOS,545.6,Economy,0,51,1,0
BKG1288,Passenger_288,2026-03-16,MIA,SEA,575.13,First,0,1,1,0
BKG1289,Passenger_289,2026-03-17,CHI,SEA,360.33,Economy,0,28,1,0
BKG1290,Passenger_290,2026-03-18,MIA,DEN,426.04,Economy,1,24,1,0
BKG1291,Passenger_291,2026-03-19,NYC,PHX,225.17,Economy,0,35,1,0
BKG1292,Passenger_292,2026-03-20,NYC,BOS,596.03,Economy,0,13,1,0
BKG1293,Passenger_293,2026-03-21,CHI,DFW,254.25,Business,1,47,1,0
BKG1294,Passenger_294,2026-03-22,CHI,BOS,574.23,Economy,0,34,1,0
BKG1295,Passenger_295,2026-03-23,ATL,DFW,442.34,First,0,11,1,0
BKG1296,Passenger_296,2026-03-24,ATL,PHX,423.48,Economy,1,36,1,0
BKG1297,Passenger_297,2026-03-25,MIA,DFW,380.71,Economy,0,51,1,0
BKG1298,Passenger_298,2026-03-26,CHI,DEN,253.8,Business,1,17,0,0
BKG1299,Passenger_299,2026-03-27,NYC,DEN,229.44,Economy,0,35,1,0
BKG1300,Passenger_300,2026-03-28,ATL,DEN,249.22,Economy,0,18,1,1
BKG1301,Passenger_301,2026-03-29,ATL,DEN,233.9,Economy,0,40,1,0
BKG1302,Passenger_302,2026-03-30,NYC,BOS,500.81,Economy,0,22,1,0
BKG1303,Passenger_303,2026-03-31,ATL,PHX,307.56,Business,1,57,0,0
BKG1304,Passenger_304,2026-04-01,MIA,DFW,176.03,Economy,0,24,1,0
BKG1305,Passenger_305,2026-04-02,CHI,DFW,586.1,Economy,0,58,1,0
BKG1306,Passenger_306,2026-04-03,NYC,DEN,547.7,Economy,1,19,1,0
BKG1307,Passenger_307,2026-04-04,CHI,DEN,567.49,Economy,0,37,1,0
BKG1308,Passenger_308,2026-04-05,ATL,SEA,597.71,Economy,0,39,1,1
BKG1309,Passenger_309,2026-04-06,ATL,PHX,228.25,Economy,1,21,1,0
BKG1310,Passenger_310,2026-04-07,NYC,BOS,328.31,Economy,0,8,1,0
BKG1311,Passenger_311,2026-04-08,MIA,DFW,491.21,Business,0,28,1,0
BKG1312,Passenger_312,2026-04-09,LAX,SEA,463.21,Economy,1,5,1,0
BKG1313,Passenger_313,2026-04-10,NYC,SEA,219.25,Economy,0,17,0,0
BKG1314,Passenger_314,2026-04-11,LAX,DFW,517.12,Business,1,37,1,0
BKG1315,Passenger_315,2026-04-12,LAX,BOS,251.0,Economy,1,36,1,0
BKG1316,Passenger_316,2026-04-13,MIA,SEA,250.72,Economy,1,54,1,0
BKG1317,Passenger_317,2026-04-14,LAX,SEA,391.64,Economy,0,19,1,0
BKG1318,Passenger_318,2026-04-15,LAX,PHX,416.82,Economy,0,27,1,0
BKG1319,Passenger_319,2026-04-16,MIA,BOS,411.04,Economy,1,53,1,0
BKG1320,Passenger_320,2026-04-17,LAX,SEA,191.17,First,0,34,1,0
BKG1321,Passenger_321,2026-04-18,LAX,BOS,544.86,Economy,0,11,1,0
BKG1322,Passenger_322,2026-04-19,LAX,DFW,269.52,Economy,1,54,1,0
BKG1323,Passenger_323,2026-04-20,NYC,DEN,208.28,Business,0,45,1,0
BKG1324,Passenger_324,2026-04-21,NYC,SEA,549.94,Economy,0,47,1,1
BKG1325,Passenger_325,2026-04-22,NYC,PHX,580.04,Economy,0,12,1,0
BKG1326,Passenger_326,2026-04-23,MIA,DFW,537.96,Economy,0,54,0,0
BKG1327,Passenger_327,2026-04-24,ATL,BOS,514.28,First,0,21,1,0
BKG1328,Passenger_328,2026-04-25,LAX,DFW,444.86,Economy,0,54,1,0
BKG1329,Passenger_329,2026-04-26,LAX,SEA,397.89,Economy,0,11,1,0
BKG1330,Passenger_330,2026-04-27,MIA,BOS,189.14,Economy,0,39,1,0
BKG1331,Passenger_331,2026-04-28,LAX,DEN,333.8,Economy,1,28,1,0
BKG1332,Passenger_332,2026-04-29,NYC,DFW,317.71,Economy,0,5,1,0
BKG1333,Passenger_333,2026-04-30,ATL,SEA,266.89,Economy,0,17,1,0
BKG1334,Passenger_334,2026-05-01,CHI,PHX,475.54,Business,1,56,1,1
BKG1335,Passenger_335,2026-05-02,LAX,BOS,373.14,Economy,1,20,1,0
BKG1336,Passenger_336,2026-05-03,NYC,DFW,186.47,Economy,0,41,1,0
BKG1337,Passenger_337,2026-05-04,CHI,DFW,249.08,Business,0,46,1,0
BKG1338,Passenger_338,2026-05-05,ATL,DEN,457.47,First,0,58,0,0
BKG1339,Passenger_339,2026-05-06,CHI,DEN,184.26,Economy,0,12,1,0
BKG1340,Passenger_340,2026-05-07,NYC,PHX,533.04,Economy,1,6,1,0
BKG1341,Passenger_341,2026-05-08,CHI,PHX,372.82,Economy,0,17,1,0
BKG1342,Passenger_342,2026-05-09,MIA,SEA,366.26,First,1,51,1,0
BKG1343,Passenger_343,2026-05-10,CHI,SEA,416.58,First,0,19,1,1
BKG1344,Passenger_344,2026-05-11,LAX,PHX,521.11,Economy,0,26,1,1
BKG1345,Passenger_345,2026-05-12,LAX,PHX,306.51,Business,0,48,1,0
BKG1346,Passenger_346,2026-05-13,MIA,BOS,455.11,Economy,0,44,1,1
BKG1347,Passenger_347,2026-05-14,NYC,DEN,404.58,Economy,1,44,0,1
BKG1348,Passenger_348,2026-05-15,LAX,SEA,270.16,Economy,0,52,1,0
BKG1349,Passenger_349,2026-05-16,ATL,DEN,545.38,Business,0,32,1,0
BKG1350,Passenger_350,2026-05-17,LAX,DEN,508.84,Economy,0,6,1,0
BKG1351,Passenger_351,2026-05-18,LAX,PHX,446.3,Business,1,55,1,1
BKG1352,Passenger_352,2026-05-19,NYC,BOS,532.76,Business,0,58,1,0
BKG1353,Passenger_353,2026-05-20,CHI,DFW,540.28,Business,0,36,0,1
BKG1354,Passenger_354,2026-05-21,LAX,BOS,468.76,Economy,1,38,1,0
BKG1355,Passenger_355,2026-05-22,MIA,BOS,526.66,Economy,1,11,1,0
BKG1356,Passenger_356,2026-05-23,CHI,DEN,463.86,Economy,0,33,1,0
BKG1357,Passenger_357,2026-05-24,ATL,BOS,456.06,Economy,0,24,1,0
BKG1358,Passenger_358,2026-05-25,NYC,SEA,428.38,Economy,1,23,1,1
BKG1359,Passenger_359,2026-05-26,ATL,DEN,488.72,First,1,15,1,0
BKG1360,Passenger_360,2026-05-27,CHI,SEA,221.37,Economy,1,27,1,0
BKG1361,Passenger_361,2026-05-28,CHI,DFW,546.39,Economy,1,11,1,0
BKG1362,Passenger_362,2026-05-29,CHI,DEN,542.33,Economy,0,57,1,1
BKG1363,Passenger_363,2026-05-30,ATL,DFW,163.16,Economy,0,51,1,0
BKG1364,Passenger_364,2026-05-31,CHI,DEN,521.62,Economy,0,50,1,0
BKG1365,Passenger_365,2026-06-01,ATL,PHX,207.99,Economy,0,17,1,0
BKG1366,Passenger_366,2026-06-02,CHI,BOS,300.8,First,1,51,1,0
BKG1367,Passenger_367,2026-06-03,MIA,PHX,484.58,Economy,0,53,1,0
BKG1368,Passenger_368,2026-06-04,CHI,DFW,222.34,First,0,14,1,0
BKG1369,Passenger_369,2026-06-05,ATL,BOS,518.09,Business,0,27,0,0
BKG1370,Passenger_370,2026-06-06,LAX,DEN,524.46,Economy,0,18,1,0
BKG1371,Passenger_371,2026-06-07,CHI,BOS,378.36,First,1,28,1,0
BKG1372,Passenger_372,2026-06-08,LAX,SEA,152.87,Economy,0,51,1,0
BKG1373,Passenger_373,2026-06-09,MIA,BOS,279.17,Business,1,47,1,0
BKG1374,Passenger_374,2026-06-10,NYC,SEA,427.62,Economy,0,47,1,0
BKG1375,Passenger_375,2026-06-11,MIA,BOS,591.53,Business,1,4,1,0
BKG1376,Passenger_376,2026-06-12,CHI,SEA,434.32,Business,1,7,0,0
BKG1377,Passenger_377,2026-06-13,LAX,DFW,266.91,Business,0,45,1,0
BKG1378,Passenger_378,2026-06-14,LAX,PHX,435.3,Business,1,35,1,0
BKG1379,Passenger_379,2026-06-15,ATL,DEN,392.99,Economy,0,48,1,0
BKG1380,Passenger_380,2026-06-16,LAX,BOS,500.93,Economy,1,9,1,0
BKG1381,Passenger_381,2026-06-17,ATL,PHX,198.14,Economy,0,8,1,1
BKG1382,Passenger_382,2026-06-18,NYC,DEN,492.46,Economy,0,52,1,0
BKG1383,Passenger_383,2026-06-19,CHI,DEN,393.57,Economy,0,45,1,0
BKG1384,Passenger_384,2026-06-20,ATL,SEA,583.35,Economy,1,17,0,1
BKG1385,Passenger_385,2026-06-21,NYC,DFW,303.84,First,1,17,1,0
BKG1386,Passenger_386,2026-06-22,LAX,DFW,434.68,Economy,1,49,1,0
BKG1387,Passenger_387,2026-06-23,LAX,PHX,569.41,Business,1,33,1,1
BKG1388,Passenger_388,2026-06-24,NYC,DFW,196.13,Economy,0,32,1,0
BKG1389,Passenger_389,2026-06-25,LAX,BOS,571.75,Business,0,8,1,0
BKG1390,Passenger_390,2026-06-26,NYC,DFW,459.55,First,0,19,1,0
BKG1391,Passenger_391,2026-06-27,ATL,PHX,180.53,Economy,0,38,1,0
BKG1392,Passenger_392,2026-06-28,ATL,DFW,285.43,Economy,0,3,1,0
BKG1393,Passenger_393,2026-06-29,NYC,BOS,468.68,Business,0,59,1,1
BKG1394,Passenger_394,2026-06-30,ATL,SEA,180.31,Economy,1,5,1,0
BKG1395,Passenger_395,2026-07-01,ATL,PHX,411.98,Economy,0,13,1,0
BKG1396,Passenger_396,2026-07-02,ATL,SEA,305.65,Economy,0,47,1,0
BKG1397,Passenger_397,2026-07-03,MIA,SEA,429.41,Economy,0,46,1,1
BKG1398,Passenger_398,2026-07-04,CHI,SEA,170.58,Economy,1,31,1,0
BKG1399,Passenger_399,2026-07-05,LAX,DEN,542.19,Economy,0,55,1,1
BKG1400,Passenger_400,2026-07-06,MIA,DEN,588.07,Economy,0,16,1,1
BKG1401,Passenger_401,2026-07-07,ATL,SEA,586.0,Economy,0,50,0,0
BKG1402,Passenger_402,2026-07-08,NYC,PHX,487.34,First,0,32,1,0
BKG1403,Passenger_403,2026-07-09,ATL,BOS,208.54,Economy,1,22,1,0
BKG1404,Passenger_404,2026-07-10,CHI,BOS,491.22,First,0,29,1,0
BKG1405,Passenger_405,2026-07-11,ATL,DFW,161.06,Economy,1,22,1,0
BKG1406,Passenger_406,2026-07-12,NYC,PHX,159.96,Economy,0,43,1,0
BKG1407,Passenger_407,2026-07-13,CHI,DEN,295.62,Economy,1,3,1,0
BKG1408,Passenger_408,2026-07-14,ATL,SEA,369.89,Economy,0,54,1,0
BKG1409,Passenger_409,2026-07-15,CHI,DFW,496.68,Economy,0,10,1,0
BKG1410,Passenger_410,2026-07-16,LAX,BOS,457.48,Economy,1,42,1,0
BKG1411,Passenger_411,2026-07-17,LAX,DEN,350.66,Economy,0,21,1,1
BKG1412,Passenger_412,2026-07-18,ATL,DEN,273.13,Economy,1,16,1,0
BKG1413,Passenger_413,2026-07-19,CHI,SEA,598.71,Economy,0,12,1,1
BKG1414,Passenger_414,2026-07-20,NYC,BOS,341.78,Economy,0,2,1,0
BKG1415,Passenger_415,2026-07-21,ATL,PHX,353.12,Economy,0,41,1,0
BKG1416,Passenger_416,2026-07-22,LAX,DEN,223.63,Business,1,24,1,1
BKG1417,Passenger_417,2026-07-23,LAX,SEA,507.66,Economy,0,35,1,0
BKG1418,Passenger_418,2026-07-24,ATL,PHX,462.16,Economy,0,56,0,0
BKG1419,Passenger_419,2026-07-25,CHI,BOS,249.35,First,1,30,1,0
BKG1420,Passenger_420,2026-07-26,LAX,DEN,187.07,Economy,0,57,0,0
BKG1421,Passenger_421,2026-07-27,CHI,PHX,456.22,Economy,1,30,1,0
BKG1422,Passenger_422,2026-07-28,LAX,PHX,444.53,First,0,47,0,0
BKG1423,Passenger_423,2026-07-29,LAX,PHX,272.97,Economy,1,35,1,0
BKG1424,Passenger_424,2026-07-30,MIA,DEN,577.89,Economy,0,19,1,0
BKG1425,Passenger_425,2026-07-31,LAX,DEN,217.98,Economy,0,50,1,0
BKG1426,Passenger_426,2026-08-01,NYC,DFW,344.55,Economy,1,8,1,0
BKG1427,Passenger_427,2026-08-02,ATL,BOS,574.63,Economy,1,26,1,0
BKG1428,Passenger_428,2026-08-03,ATL,SEA,338.88,Economy,1,49,1,0
BKG1429,Passenger_429,2026-08-04,CHI,PHX,437.34,Economy,0,40,1,1
BKG1430,Passenger_430,2026-08-05,LAX,DFW,328.92,Economy,1,7,1,0
BKG1431,Passenger_431,2026-08-06,NYC,SEA,273.4,First,0,30,0,0
BKG1432,Passenger_432,2026-08-07,CHI,DFW,592.79,Business,1,7,0,0
BKG1433,Passenger_433,2026-08-08,MIA,DEN,334.2,Economy,1,3,0,0
BKG1434,Passenger_434,2026-08-09,CHI,PHX,552.34,Economy,0,1,1,0
BKG1435,Passenger_435,2026-08-10,CHI,SEA,253.48,Economy,1,36,1,0
BKG1436,Passenger_436,2026-08-11,LAX,SEA,245.9,Economy,0,25,1,0
BKG1437,Passenger_437,2026-08-12,MIA,SEA,164.01,Economy,0,37,1,1
BKG1438,Passenger_438,2026-08-13,CHI,SEA,443.25,Economy,0,1,1,0
BKG1439,Passenger_439,2026-08-14,NYC,SEA,315.84,Business,0,15,1,0
BKG1440,Passenger_440,2026-08-15,NYC,DFW,538.96,Economy,0,37,1,0
BKG1441,Passenger_441,2026-08-16,ATL,PHX,362.94,Economy,1,13,1,0
BKG1442,Passenger_442,2026-08-17,MIA,DEN,585.69,Economy,1,40,0,0
BKG1443,Passenger_443,2026-08-18,MIA,DEN,233.49,Economy,1,8,1,0
BKG1444,Passenger_444,2026-08-19,ATL,DEN,540.88,Business,0,5,0,0
BKG1445,Passenger_445,2026-08-20,CHI,DEN,499.47,Business,1,9,1,0
BKG1446,Passenger_446,2026-08-21,MIA,DFW,496.91,Business,0,1,1,0
BKG1447,Passenger_447,2026-08-22,NYC,BOS,530.15,Economy,0,36,1,1
BKG1448,Passenger_448,2026-08-23,NYC,PHX,492.46,Economy,0,35,1,0
BKG1449,Passenger_449,2026-08-24,LAX,SEA,431.8,Economy,0,2,1,1
BKG1450,Passenger_450,2026-08-25,MIA,BOS,209.06,Economy,1,40,1,0
BKG1451,Passenger_451,2026-08-26,CHI,DEN,164.64,Economy,0,23,1,1
BKG1452,Passenger_452,2026-08-27,ATL,BOS,564.38,Business,0,9,1,0
BKG1453,Passenger_453,2026-08-28,ATL,PHX,427.49,Economy,1,34,1,0
BKG1454,Passenger_454,2026-08-29,CHI,SEA,508.44,Economy,1,46,0,0
BKG1455,Passenger_455,2026-08-30,LAX,SEA,366.69,Economy,0,14,1,1
BKG1456,Passenger_456,2026-08-31,ATL,PHX,202.79,Economy,0,4,1,1
BKG1457,Passenger_457,2026-09-01,MIA,PHX,206.33,Economy,0,30,1,1
BKG1458,Passenger_458,2026-09-02,LAX,DEN,458.5,First,0,31,1,1
BKG1459,Passenger_459,2026-09-03,MIA,SEA,343.64,Business,0,38,1,0
BKG1460,Passenger_460,2026-09-04,NYC,BOS,240.24,First,0,11,1,0
BKG1461,Passenger_461,2026-09-05,LAX,DFW,371.22,Economy,0,35,0,0
BKG1462,Passenger_462,2026-09-06,ATL,DFW,178.89,Economy,1,8,1,1
BKG1463,Passenger_463,2026-09-07,LAX,PHX,411.89,Economy,0,3,0,0
BKG1464,Passenger_464,2026-09-08,LAX,DEN,271.05,Economy,0,14,0,0
BKG1465,Passenger_465,2026-09-09,LAX,DFW,508.9,Business,0,13,1,0
BKG1466,Passenger_466,2026-09-10,LAX,SEA,289.66,Economy,0,45,1,0
BKG1467,Passenger_467,2026-09-11,MIA,PHX,354.85,Economy,0,32,0,0
BKG1468,Passenger_468,2026-09-12,NYC,BOS,155.23,Economy,0,34,1,1
BKG1469,Passenger_469,2026-09-13,CHI,PHX,182.6,Economy,0,45,1,0
BKG1470,Passenger_470,2026-09-14,LAX,BOS,326.62,Business,0,19,0,0
BKG1471,Passenger_471,2026-09-15,ATL,PHX,365.97,Economy,0,59,1,1
BKG1472,Passenger_472,2026-09-16,LAX,PHX,420.01,Economy,1,38,1,0
BKG1473,Passenger_473,2026-09-17,ATL,PHX,281.25,Economy,0,16,1,0
BKG1474,Passenger_474,2026-09-18,MIA,BOS,462.74,Economy,1,2,1,1
BKG1475,Passenger_475,2026-09-19,ATL,BOS,537.06,Business,1,40,1,0
BKG1476,Passenger_476,2026-09-20,CHI,PHX,500.93,Business,0,17,1,0
BKG1477,Passenger_477,2026-09-21,NYC,DFW,167.83,First,0,55,1,0
BKG1478,Passenger_478,2026-09-22,ATL,DEN,366.23,Business,0,34,1,1
BKG1479,Passenger_479,2026-09-23,ATL,DEN,197.22,Economy,0,42,1,0
BKG1480,Passenger_480,2026-09-24,NYC,DEN,258.92,Economy,0,16,1,0
BKG1481,Passenger_481,2026-09-25,CHI,BOS,594.0,Economy,0,38,1,0
BKG1482,Passenger_482,2026-09-26,LAX,BOS,214.12,Economy,0,2,1,0
BKG1483,Passenger_483,2026-09-27,ATL,DFW,374.5,Business,1,2,1,1
BKG1484,Passenger_484,2026-09-28,NYC,DEN,428.17,Economy,1,26,1,1
BKG1485,Passenger_485,2026-09-29,MIA,DEN,466.11,First,1,13,1,0
BKG1486,Passenger_486,2026-09-30,NYC,PHX,401.84,Economy,0,56,0,0
BKG1487,Passenger_487,2026-10-01,MIA,BOS,154.4,Economy,1,47,1,0
BKG1488,Passenger_488,2026-10-02,CHI,DEN,296.91,Economy,1,31,1,0
BKG1489,Passenger_489,2026-10-03,LAX,DFW,382.97,Business,1,34,1,0
BKG1490,Passenger_490,2026-10-04,NYC,DFW,189.54,Economy,0,39,1,0
BKG1491,Passenger_491,2026-10-05,ATL,DEN,307.78,Economy,1,3,1,0
BKG1492,Passenger_492,2026-10-06,CHI,BOS,164.94,Economy,0,8,1,1
BKG1493,Passenger_493,2026-10-07,NYC,DFW,185.36,Economy,1,23,1,0
BKG1494,Passenger_494,2026-10-08,ATL,PHX,328.62,Economy,0,14,1,0
BKG1495,Passenger_495,2026-10-09,NYC,DFW,209.72,Business,1,56,1,0
BKG1496,Passenger_496,2026-10-10,MIA,SEA,405.39,Economy,1,55,1,0
BKG1497,Passenger_497,2026-10-11,NYC,SEA,460.26,Economy,0,27,1,1
BKG1498,Passenger_498,2026-10-12,NYC,BOS,510.26,Economy,1,54,1,1
BKG1499,Passenger_499,2026-10-13,NYC,DEN,240.07,Economy,1,29,1,1
